{
    "Spearman": 0.5896875352816107,
    "Pearson": 0.6158426055077508,
    "Kendall-Tau": 0.47949428816499734,
    "Cohen Kappa": 0.17926565874730016
}