{
    "Spearman": 0.555626566119079,
    "Pearson": 0.6381758381250143,
    "Kendall-Tau": 0.4532777529151181,
    "Cohen Kappa": 0.13964568203894723
}