{
    "Spearman": 0.17359506309806855,
    "Pearson": 0.1797517536691864,
    "Kendall-Tau": 0.14605053796622022,
    "Cohen Kappa": -0.014098604626660238
}