{
    "Spearman": 0.45281966206249313,
    "Pearson": 0.4662978729498485,
    "Kendall-Tau": 0.36342782662273604,
    "Cohen Kappa": 0.03807442341979639
}