{
    "Spearman": 0.49427800932760313,
    "Pearson": 0.4952674906258862,
    "Kendall-Tau": 0.4020584703839961,
    "Cohen Kappa": 0.11228596228201704
}